scenario,name,description,fbmc_gen,fbmc_import,fbmc_total,atc_gen,atc_import,atc_total,savings_eur,savings_pct,fbmc_failures,atc_failures
A,High Continental Prices (+30%),"DE, PL, DK1, DK2, LT prices increased by 30%",31348922.697785918,-126035928.55603428,-94687005.85824837,31402299.628699988,-121684018.72832707,-90281719.09962708,4405286.75862129,4.879489228334252,0,0
B,Low Norwegian Prices (-30%),"NO1, NO3, NO4 prices reduced by 30%",28962988.476600233,-97688598.78353795,-68725610.30693772,28393060.47869999,-94119597.27731492,-65726536.79861493,2999073.5083227977,4.562956842701011,0,0
C,Price Convergence (60 EUR/MWh),All neighbor prices set to 60 EUR/MWh,37352454.16869999,-65426090.808,-28073636.63930001,37352454.16869999,-65426090.808,-28073636.63930001,0.0,0.0,0,0
D,Reduced SE2-SE3 Capacity (-30%),SE2-SE3 corridor capacity reduced by 30%,32273629.328902725,-90177245.22530696,-57903615.89640424,32519648.708149984,-82406467.39848,-49886818.69033001,8016797.206074223,16.069970819021552,0,0
E,Increased Cross-Border Capacity (+20%),All cross-border lines capacity increased by 20%,33962102.888964735,-114648833.8190286,-80686730.93006387,32982312.895699985,-108603087.03061,-75620774.13491002,5065956.795153856,6.699160188595819,0,0
